{"function": "sine_freq", "path": "datasets/wavegen", "input_data": {"SineFreqVals": {"fsine": 2.0, "fsample": 100.0, "duration": 8.0}}, "output_data": {"Array": [0.0, 0.12548926807148214, 0.24899454506884255, 0.36856320690768457, 0.4823048675695175, 0.5884212661912667, 0.685234697651857, 0.7712145371669958, 0.8450014395370983, 0.9054288304571327, 0.9515413501097999, 0.9826099574479877, 0.9981434563671079, 0.997896261538, 0.981872281122231, 0.9503248549838812, 0.9037527493746939, 0.8428922714167971, 0.7687056280533892, 0.6823657135129088, 0.5852375657975792, 0.47885678537009013, 0.36490525723997147, 0.24518456028458127, 0.1215874842045628, -0.0039318955679857985, -0.12938911189157062, -0.25280068043167137, -0.3722154586388922, -0.4857454934020049, -0.5915958696730813, -0.6880930881565926, -0.7737115234098928, -0.8470975440513236, -0.9070909137343407, -0.9527431345372738, -0.983332442758902, -0.9983752200356156, -0.9976336393698901, -0.9811194251860063, -0.9490936679663653, -0.9020626963990075, -0.8407700722978693, -0.7661848348564624, -0.6794861800938482, -0.5820448177115891, -0.4754013001106001, -0.36124166618715303, -0.24137078498072775, -0.11768382061185527, 0.007863730349406715, 0.13328695537377777, 0.2566029075307394, 0.3758619559702868, 0.4891786096759483, 0.5947613271640901, 0.6909408408367914, 0.7761965481790157, 0.8491805525539872, 0.9087389735107387, 0.9539301896868813, 0.9840397258854501, 0.9985915489604889, 0.997355593922881, 0.980351401278363, 0.9478478080912336, 0.9003586976580598, 0.8386348749892222, 0.7636521965473322, 0.6765961419118676, 0.5788430712927438, 0.4719384652123724, 0.35757249038784267, 0.23755327811772636, 0.11377833764346063, -0.011795443558637174, -0.1371827382579823, -0.26040116758413745, -0.3795026425275183, -0.49260416331584506, -0.5979175897267537, -0.6937779116665903, -0.778669573056223, -0.851250432842061, -0.9103729843075501, -0.9551024972069121, -0.9847317958931325, -0.9987924397973121, -0.9970621294955166, -0.9795682212728453, -0.9465872946193098, -0.898640779495436, -0.8364867125007127, -0.7611077522802379, -0.6736956436465573, -0.5756323760396005, -0.46846833421035966, -0.35389778656699294, -0.23373209871370493, -0.10987109567761122, 0.015726974411932867, 0.1410764003159147, 0.26419540187128393, 0.38313746202607524, 0.4960221013631054, 0.6010646085656881, 0.696604256785262, 0.7811305598088928, 0.8533071529154821, 0.9119929208631914, 0.9562600389736547, 0.9854086420826413, 0.9989778894403407, 0.996753250624717, 0.9787698972773077, 0.9453121470379581, 0.8969089684699166, 0.834325618042636, 0.7585515413919396, 0.6707847301392245, 0.5724127815890676, 0.46499096075231156, 0.3502176115350222, 0.22990730584357333, 0.10596215511972712, -0.01965826212836469, -0.14496788135209315, -0.267985551733847, -0.38676635827214545, -0.49943237097687404, -0.6042023350284191, -0.6994198324978993, -0.7835794703905028, -0.8553506809776418, -0.913598758133666, -0.9574027970916702, -0.9860702539900285, -0.9991478950225487, -0.9964289620857072, -0.9779564416337299, -0.9440223850607846, -0.8951632913550628, -0.8321516250252163, -0.7559836034011052, -0.6678634463921889, -0.5691843377156327, -0.4615063985979421, -0.346532022186927, -0.22607895863810348, -0.10205157640149544, 0.023589245930768606, 0.14885712120476113, 0.2717715585766224, 0.3903892751634951, 0.5028349194348608, 0.607330720606117, 0.702224595276091, 0.7860162669412375, 0.8573809854358763, 0.9151904712929517, 0.9585307538940775, 0.9867166213868642, 0.9993024539156731, 0.9960892688919429, 0.977127866918025, 0.9427180286273307, 0.8934037751387996, 0.8299647670580889, 0.7534039780076992, 0.664931837568097, 0.5659470943305972, 0.4580147016181016, 0.3428410755014138, 0.22224711628301683, 0.09813941997992197, -0.027519865046673735, -0.15274405974679997, -0.2755533638684699, -0.39400615669032235, -0.506229694134125, -0.6104497169343795, -0.7050185017585865, -0.7884409117885575, -0.8593980349019578, -0.91676803573338, -0.9596438919428185, -0.9873477342803977, -0.9994415637302545, -0.9957341762950346, -0.976284185939842, -0.9413990979027713, -0.8916304470230075, -0.8277650779497709, -0.750812705092384, -0.6619899489892184, -0.5627011014812928, -0.4545159237939468, -0.3391448285400107, -0.2184118380180728, -0.09422574633640884, 0.03145005870924897, 0.1566286368866725, 0.279330909143198, 0.3976169469361426, 0.5096166425919137, 0.6135592757939493, 0.7078015087519833, 0.7908533674477799, 0.8614017981925788, 0.9183314270660242, 0.9607421940289312, 0.9879635829137096, 0.9995652223156748, 0.9953636897846647, 0.9754254117423751, 0.9400656132775909, 0.8898433344230968, 0.8255525917071619, 0.748209824715873, 0.6590378261367457, 0.5594464093503226, 0.4510101192161018, 0.335443338446191, 0.21457318313613913, 0.09031061597581606, -0.03537976615824064, -0.16051079256936074, -0.2831041360004761, -0.40122159007863173, -0.5129957124464846, -0.6166593491114711, -0.7105735732313658, -0.7932535966226809, -0.8633922443298345, -0.9198806211210679, -0.9618256431728193, -0.9885641577658659, -0.9996734277601886, -0.9949778150885044, -0.9745515576021544, -0.9387175953672792, -0.8880424649675778, -0.8233273425349888, -0.7455953771183486, -0.6560755146500951, -0.5561830682547915, -0.44749734208382336, -0.33173666244447253, -0.21073121098229597, -0.08639408942551008, 0.03930892664090834, 0.16439046677725408, 0.28687298610673245, 0.4048200303905058, 0.5163668514578701, 0.6197498889602434, 0.7133346523410059, 0.7956415622060388, 0.8653693425416976, 0.9214155939481828, 0.9628942226245057, 0.9891494495520615, 0.9997661783909552, 0.9945765581721221, 0.9736626370288465, 0.9373550650120093, 0.8862278664976512, 0.8210893648352999, 0.7429694027188037, 0.6531030603261869, 0.5529111286454891, 0.44397764670416623, 0.3280248578395701, 0.20688598095290459, 0.08247622723446349, -0.04323747941298189, -0.1682675995311402, -0.29063740119606934, -0.4084122122403624, -0.5197300075087277, -0.6228308475609394, -0.7160847033950001, -0.7980172272802382, -0.8673330622625105, -0.9229363218169039, -0.9639479158638975, -0.9897194492237653, -0.9998434727740622, -0.9941599252388962, -0.9727586637650372, -0.9359780432763094, -0.8843995670667532, -0.8188386932069248, -0.7403319421144466, -0.650120509118767, -0.549630641106155, -0.4404510874911274, -0.324307982015459, -0.20303755249469602, -0.0785570899722871, 0.04716536373956135, 0.17214213089107627, 0.294397323071147, 0.41199808009357713, 0.523085128605124, 0.625902177282371, 0.7188236838779297, 0.8003805551178237, 0.869283373133431, 0.9244427812169848, 0.9649867066010438, 0.9902741479688623, 0.9999053097145493, 0.9937279227299137, 0.9718396517860329, 0.9345865514487486, 0.8825575949401483, 0.8165753624449312, 0.7376830360800484, 0.6471279071376616, 0.5463416563526844, 0.4369177189648402, 0.320586092434542, 0.1991859851038347, 0.07463673822829352, -0.0510925188961022, -0.17601400095732972, -0.2981526936040801, -0.41557757851310656, -0.5264321628773576, -0.6289638306421975, -0.7215515514455382, -0.8027315091820761, -0.8712202450029175, -0.9259349488587649, -0.9660105787763826, -0.990813537211785, -0.9999516882564257, -0.9932805573238734, -0.9709056152996292, -0.9331806110416043, -0.8807019785944691, -0.8142994075401099, -0.7350227255673416, -0.6441253006480804, -0.5430442252323174, -0.4333775957506836, -0.3168592466367136, -0.19533133832503682, -0.07071523261059587, 0.05501888416933275, 0.1798831498713356, 0.30190345473737007, 0.41915065216042313, 0.5297710585807265, 0.6320157603076734, 0.7242682639253678, 0.8050700531275647, 0.8731436479272044, 0.9274128016735483, 0.9670195165609928, 0.991337608613649, 0.9999826076826857, 0.9928178359369844, 0.9699565687459033, 0.9317602437905118, 0.8788327467172857, 0.8120108636784023, 0.7323510517043563, 0.6411127360699178, 0.5397383987228979, 0.42983077257848834, 0.31312750223849056, 0.1914736717505977, 0.06679263374512474, -0.058944398858171536, -0.18374951781656976, -0.3056495484847451, -0.42271724579628656, -0.5331017640963743, -0.6350579190963911, 